Customer ID,Customer Name,Loyalty Reward Points,Segment,Date,Fraction
AA-10315,Alex Avila,76,Consumer,01/01/2000,7.6
AA-10375,Allen Armold,369,Consumer,02/01/2000,36.9
AA-10480,Andrew Allen,162,Consumer,03/01/2000,16.2
AA-10645,Anna Andreadi,803,Consumer,04/01/2000,80.3
AB-10015,Aaron Bergman,935,Consumer,05/01/2000,93.5
AB-10060,Adam Bellavance,643,Home Office,06/01/2000,64.3
AB-10105,Adrian Barton,373,Consumer,07/01/2000,37.3
AB-10150,Aimee Bixby,386,Consumer,08/01/2000,38.6
AB-10165,Alan Barnes,114,Consumer,09/01/2000,11.4
AB-10255,Alejandro Ballentine,633,Home Office,10/01/2000,63.3
AB-10600,Ann Blume,345,Corporate,11/01/2000,34.5
AC-10420,Alyssa Crouse,149,Corporate,12/01/2000,14.9
AC-10450,Amy Cox,506,Consumer,13/01/2000,50.6
AC-10615,Ann Chong,518,Corporate,14/01/2000,51.8
AC-10660,Anna Chung,849,Consumer,15/01/2000,84.9
AD-10180,Alan Dominguez,240,Home Office,16/01/2000,24.0
AF-10870,Art Ferguson,273,Consumer,17/01/2000,27.3
AF-10885,Art Foster,610,Consumer,18/01/2000,61.0
AG-10270,Alejandro Grove,515,Consumer,19/01/2000,51.5
AG-10300,Aleksandra Gannaway,842,Corporate,20/01/2000,84.2
AG-10330,Alex Grayson,498,Consumer,21/01/2000,49.8
AG-10390,Allen Goldenen,889,Consumer,22/01/2000,88.9
AG-10495,Andrew Gjertsen,385,Corporate,23/01/2000,38.5
AG-10525,Andy Gerbode,832,Corporate,24/01/2000,83.2
AG-10675,Anna Gayman,315,Consumer,25/01/2000,31.5
AG-10765,Anthony Garverick,197,Home Office,26/01/2000,19.7
AG-10900,Arthur Gainer,184,Consumer,27/01/2000,18.4
AH-10030,Aaron Hawkins,745,Corporate,28/01/2000,74.5
AH-10075,Adam Hart,919,Corporate,29/01/2000,91.9
AH-10120,Adrian Hane,592,Home Office,30/01/2000,59.2
AH-10195,Alan Haines,359,Corporate,31/01/2000,35.9
AH-10210,Alan Hwang,859,Consumer,01/02/2000,85.9
AH-10465,Amy Hunt,689,Consumer,02/02/2000,68.9
AH-10585,Angele Hood,923,Consumer,03/02/2000,92.3
AH-10690,Anna Häberlin,770,Corporate,04/02/2000,77.0
AI-10855,Arianne Irving,993,Consumer,05/02/2000,99.3
AJ-10780,Anthony Jacobs,765,Corporate,06/02/2000,76.5
AJ-10795,Anthony Johnson,828,Corporate,07/02/2000,82.8
AJ-10945,Ashley Jarboe,509,Consumer,08/02/2000,50.9
AJ-10960,Astrea Jones,892,Consumer,09/02/2000,89.2
AM-10360,Alice McCarthy,869,Corporate,10/02/2000,86.9
AM-10705,Anne McFarland,514,Consumer,11/02/2000,51.4
AO-10810,Anthony O'Donnell,105,Corporate,12/02/2000,10.5
AP-10720,Anne Pryor,951,Home Office,13/02/2000,95.1
AP-10915,Arthur Prichep,49,Consumer,14/02/2000,4.9
AR-10345,Alex Russell,468,Corporate,15/02/2000,46.8
AR-10405,Allen Rosenblatt,31,Corporate,16/02/2000,3.1
AR-10510,Andrew Roberts,968,Consumer,17/02/2000,96.8
AR-10540,Andy Reiter,957,Consumer,18/02/2000,95.7
AR-10570,Anemone Ratner,538,Consumer,19/02/2000,53.8
AR-10825,Anthony Rawles,208,Corporate,20/02/2000,20.8
AS-10045,Aaron Smayling,276,Corporate,21/02/2000,27.6
AS-10090,Adam Shillingsburg,594,Consumer,22/02/2000,59.4
AS-10135,Adrian Shami,593,Home Office,23/02/2000,59.3
AS-10225,Alan Schoenberger,926,Corporate,24/02/2000,92.6
AS-10240,Alan Shonely,227,Consumer,25/02/2000,22.7
AS-10285,Alejandro Savely,26,Corporate,26/02/2000,2.6
AS-10630,Ann Steele,378,Home Office,27/02/2000,37.8
AT-10435,Alyssa Tate,646,Home Office,28/02/2000,64.6
AT-10735,Annie Thurman,716,Consumer,29/02/2000,71.6
AW-10840,Anthony Witt,161,Consumer,01/03/2000,16.1
AW-10930,Arthur Wiediger,775,Home Office,02/03/2000,77.5
AY-10555,Andy Yotov,701,Corporate,03/03/2000,70.1
AZ-10750,Annie Zypern,199,Consumer,04/03/2000,19.9
BB-10990,Barry Blumstein,569,Corporate,05/03/2000,56.9
BB-11545,Brenda Bowman,345,Corporate,06/03/2000,34.5
BC-11125,Becky Castell,143,Home Office,07/03/2000,14.3
BD-11320,Bill Donatelli,32,Consumer,08/03/2000,3.2
BD-11500,Bradley Drucker,503,Consumer,09/03/2000,50.3
BD-11560,Brendan Dodson,997,Home Office,10/03/2000,99.7
BD-11605,Brian Dahlen,705,Consumer,11/03/2000,70.5
BD-11620,Brian DeCherney,497,Consumer,12/03/2000,49.7
BD-11635,Brian Derr,511,Consumer,13/03/2000,51.1
BD-11725,Bruce Degenhardt,226,Consumer,14/03/2000,22.6
BD-11770,Bryan Davis,543,Consumer,15/03/2000,54.3
BE-11335,Bill Eplett,749,Home Office,16/03/2000,74.9
BE-11410,Bobby Elias,445,Consumer,17/03/2000,44.5
BE-11455,Brad Eason,234,Home Office,18/03/2000,23.4
BF-10975,Barbara Fisher,559,Corporate,19/03/2000,55.9
BF-11005,Barry Franz,697,Home Office,20/03/2000,69.7
BF-11020,Barry Französisch,338,Corporate,21/03/2000,33.8
BF-11080,Bart Folk,266,Consumer,22/03/2000,26.6
BF-11170,Ben Ferrer,471,Home Office,23/03/2000,47.1
BF-11215,Benjamin Farhat,756,Home Office,24/03/2000,75.6
BF-11275,Beth Fritzler,555,Corporate,25/03/2000,55.5
BG-11035,Barry Gonzalez,398,Consumer,26/03/2000,39.8
BG-11695,Brooke Gillingham,534,Corporate,27/03/2000,53.4
BG-11740,Bruce Geld,155,Consumer,28/03/2000,15.5
BH-11710,Brosina Hoffman,676,Consumer,29/03/2000,67.6
BK-11260,Berenike Kampe,852,Consumer,30/03/2000,85.2
BM-11140,Becky Martin,525,Consumer,31/03/2000,52.5
BM-11575,Brendan Murry,31,Corporate,01/04/2000,3.1
BM-11650,Brian Moss,825,Corporate,02/04/2000,82.5
BM-11785,Bryan Mills,220,Consumer,03/04/2000,22.0
BN-11470,Brad Norvell,977,Corporate,04/04/2000,97.7
BN-11515,Bradley Nguyen,681,Consumer,05/04/2000,68.1
BO-11350,Bill Overfelt,262,Corporate,06/04/2000,26.2
BO-11425,Bobby Odegard,429,Consumer,07/04/2000,42.9
BP-11050,Barry Pond,424,Corporate,08/04/2000,42.4
BP-11095,Bart Pistole,654,Corporate,09/04/2000,65.4
BP-11155,Becky Pak,41,Consumer,10/04/2000,4.1
BP-11185,Ben Peterman,68,Corporate,11/04/2000,6.8
BP-11230,Benjamin Patterson,95,Consumer,12/04/2000,9.5
BP-11290,Beth Paige,51,Consumer,13/04/2000,5.1
BS-11365,Bill Shonely,15,Corporate,14/04/2000,1.5
BS-11380,Bill Stewart,760,Corporate,15/04/2000,76.0
BS-11590,Brendan Sweed,848,Corporate,16/04/2000,84.8
BS-11665,Brian Stugart,995,Consumer,17/04/2000,99.5
BS-11755,Bruce Stewart,744,Consumer,18/04/2000,74.4
BS-11800,Bryan Spruell,467,Home Office,19/04/2000,46.7
BT-11305,Beth Thompson,6,Home Office,20/04/2000,0.6
BT-11395,Bill Tyler,292,Corporate,21/04/2000,29.2
BT-11440,Bobby Trafton,553,Consumer,22/04/2000,55.3
BT-11485,Brad Thomas,218,Home Office,23/04/2000,21.8
BT-11530,Bradley Talbott,12,Home Office,24/04/2000,1.2
BT-11680,Brian Thompson,611,Consumer,25/04/2000,61.1
BV-11245,Benjamin Venier,463,Corporate,26/04/2000,46.3
BW-11065,Barry Weirich,150,Consumer,27/04/2000,15.0
BW-11110,Bart Watters,890,Corporate,28/04/2000,89.0
BW-11200,Ben Wallace,118,Consumer,29/04/2000,11.8
CA-11965,Carol Adams,501,Corporate,30/04/2000,50.1
CA-12055,Cathy Armstrong,490,Home Office,01/05/2000,49
CA-12265,Christina Anderson,574,Consumer,02/05/2000,57.4
CA-12310,Christine Abelman,994,Corporate,03/05/2000,99.4
CA-12775,Cynthia Arntzen,48,Consumer,04/05/2000,4.8
CB-12025,Cassandra Brandow,13,Consumer,05/05/2000,1.3
CB-12415,Christy Brittain,248,Consumer,06/05/2000,24.8
CB-12535,Claudia Bergmann,930,Corporate,07/05/2000,93.0
CC-12100,Chad Cunningham,244,Home Office,08/05/2000,24.4
CC-12145,Charles Crestani,951,Consumer,09/05/2000,95.1
CC-12220,Chris Cortes,452,Consumer,10/05/2000,45.2
CC-12370,Christopher Conant,309,Consumer,11/05/2000,30.9
CC-12430,Chuck Clark,64,Home Office,12/05/2000,6.4
CC-12475,Cindy Chapman,308,Consumer,13/05/2000,30.8
CC-12550,Clay Cheatham,513,Consumer,14/05/2000,51.3
CC-12610,Corey Catlett,973,Corporate,15/05/2000,97.3
CC-12670,Craig Carreira,162,Consumer,16/05/2000,16.2
CC-12685,Craig Carroll,857,Consumer,17/05/2000,85.7
CD-11920,Carlos Daly,155,Consumer,18/05/2000,15.5
CD-11980,Carol Darley,966,Consumer,19/05/2000,96.6
CD-12280,Christina DeMoss,377,Consumer,20/05/2000,37.7
CD-12790,Cynthia Delaney,772,Home Office,21/05/2000,77.2
CG-12040,Catherine Glotzbach,42,Home Office,22/05/2000,4.2
CG-12520,Claire Gute,888,Consumer,23/05/2000,88.8
CH-12070,Cathy Hwang,652,Home Office,24/05/2000,65.2
CJ-11875,Carl Jackson,587,Corporate,25/05/2000,58.7
CJ-12010,Caroline Jumper,187,Consumer,26/05/2000,18.7
CK-12205,Chloris Kastensmidt,397,Consumer,27/05/2000,39.7
CK-12325,Christine Kargatis,733,Home Office,28/05/2000,73.3
CK-12595,Clytie Kelty,76,Consumer,29/05/2000,7.6
CK-12760,Cyma Kinney,510,Corporate,30/05/2000,51
CL-11890,Carl Ludwig,845,Consumer,31/05/2000,84.5
CL-12565,Clay Ludtke,560,Consumer,01/06/2000,56
CL-12700,Craig Leslie,550,Home Office,02/06/2000,55
CM-11815,Candace McMahon,430,Corporate,03/06/2000,43
CM-11935,Carlos Meador,144,Consumer,04/06/2000,14.4
CM-12115,Chad McGuire,747,Consumer,05/06/2000,74.7
CM-12160,Charles McCrossin,71,Consumer,06/06/2000,7.1
CM-12190,Charlotte Melton,908,Consumer,07/06/2000,90.8
CM-12235,Chris McAfee,547,Consumer,08/06/2000,54.7
CM-12385,Christopher Martinez,560,Consumer,09/06/2000,56
CM-12445,Chuck Magee,596,Consumer,10/06/2000,59.6
CM-12655,Corinna Mitchell,143,Home Office,11/06/2000,14.3
CM-12715,Craig Molinari,464,Corporate,12/06/2000,46.4
Co-12640,Corey-Lock,11,Consumer,13/06/2000,1.1
CP-12085,Cathy Prescott,563,Corporate,14/06/2000,56.3
CP-12340,Christine Phan,261,Corporate,15/06/2000,26.1
CR-12580,Clay Rozendal,391,Home Office,16/06/2000,39.1
CR-12625,Corey Roper,75,Home Office,17/06/2000,7.5
CR-12730,Craig Reiter,852,Consumer,18/06/2000,85.2
CR-12820,Cyra Reiten,213,Home Office,19/06/2000,21.3
CS-11845,Cari Sayre,567,Corporate,20/06/2000,56.7
CS-11860,Cari Schnelling,232,Consumer,21/06/2000,23.2
CS-11950,Carlos Soltero,369,Consumer,22/06/2000,36.9
CS-12130,Chad Sievert,747,Consumer,23/06/2000,74.7
CS-12175,Charles Sheldon,125,Corporate,24/06/2000,12.5
CS-12250,Chris Selesnick,454,Corporate,25/06/2000,45.4
CS-12355,Christine Sundaresam,356,Consumer,26/06/2000,35.6
CS-12400,Christopher Schild,570,Home Office,27/06/2000,57
CS-12460,Chuck Sachs,738,Consumer,28/06/2000,73.8
CS-12490,Cindy Schnelling,366,Corporate,29/06/2000,36.6
CS-12505,Cindy Stewart,224,Consumer,30/06/2000,22.4
CT-11995,Carol Triggs,446,Consumer,01/07/2000,44.6
CV-12295,Christina VanderZanden,465,Consumer,02/07/2000,46.5
CV-12805,Cynthia Voltz,531,Corporate,03/07/2000,53.1
CW-11905,Carl Weiss,18,Home Office,04/07/2000,1.8
CY-12745,Craig Yedwab,213,Corporate,05/07/2000,21.3
DA-13450,Dianna Arnett,431,Home Office,06/07/2000,43.1
DB-12910,Daniel Byrd,811,Home Office,07/07/2000,81.1
DB-12970,Darren Budd,898,Corporate,08/07/2000,89.8
DB-13060,Dave Brooks,411,Consumer,09/07/2000,41.1
DB-13120,David Bremer,635,Corporate,10/07/2000,63.5
DB-13210,Dean Braden,33,Consumer,11/07/2000,3.3
DB-13270,Deborah Brumfield,396,Home Office,12/07/2000,39.6
DB-13360,Dennis Bolton,689,Home Office,13/07/2000,68.9
DB-13405,Denny Blanton,719,Consumer,14/07/2000,71.9
DB-13555,Dorothy Badders,187,Corporate,15/07/2000,18.7
DB-13615,Doug Bickford,614,Consumer,16/07/2000,61.4
DB-13660,Duane Benoit,966,Consumer,17/07/2000,96.6
DC-12850,Dan Campbell,314,Consumer,18/07/2000,31.4
DC-13285,Debra Catini,870,Consumer,19/07/2000,87
DD-13570,Dorothy Dickinson,657,Consumer,20/07/2000,65.7
DE-13255,Deanra Eno,300,Home Office,21/07/2000,30
DF-13135,David Flashing,609,Consumer,22/07/2000,60.9
DG-13300,Deirdre Greer,338,Corporate,23/07/2000,33.8
DH-13075,Dave Hallsten,165,Corporate,24/07/2000,16.5
DH-13675,Duane Huffman,445,Home Office,25/07/2000,44.5
DJ-13420,Denny Joy,768,Corporate,26/07/2000,76.8
DJ-13510,Don Jones,481,Corporate,27/07/2000,48.1
DJ-13630,Doug Jacobs,465,Consumer,28/07/2000,46.5
DK-12835,Damala Kotsonis,450,Corporate,29/07/2000,45
DK-12895,Dana Kaydos,7,Consumer,30/07/2000,0.7
DK-12985,Darren Koutras,854,Consumer,31/07/2000,85.4
DK-13090,Dave Kipp,948,Consumer,01/08/2000,94.8
DK-13150,David Kendrick,596,Corporate,02/08/2000,59.6
DK-13225,Dean Katz,76,Corporate,03/08/2000,7.6
DK-13375,Dennis Kane,518,Consumer,04/08/2000,51.8
DL-12865,Dan Lawera,44,Consumer,05/08/2000,4.4
DL-12925,Daniel Lacy,646,Consumer,06/08/2000,64.6
DL-13315,Delfina Latchford,53,Consumer,07/08/2000,5.3
DL-13330,Denise Leinenbach,997,Consumer,08/08/2000,99.7
DL-13495,Dionis Lloyd,341,Corporate,09/08/2000,34.1
Dl-13600,Dorris liebe,17,Corporate,10/08/2000,1.7
DM-12955,Dario Medina,856,Corporate,11/08/2000,85.6
DM-13015,Darrin Martin,572,Consumer,12/08/2000,57.2
DM-13345,Denise Monton,290,Corporate,13/08/2000,29
DM-13525,Don Miller,787,Corporate,14/08/2000,78.7
DN-13690,Duane Noonan,410,Consumer,15/08/2000,41
DO-13435,Denny Ordway,764,Consumer,16/08/2000,76.4
DO-13645,Doug O'Connell,508,Consumer,17/08/2000,50.8
DP-13000,Darren Powers,252,Consumer,18/08/2000,25.2
DP-13105,Dave Poirier,802,Corporate,19/08/2000,80.2
DP-13165,David Philippe,811,Consumer,20/08/2000,81.1
Dp-13240,Dean percer,945,Home Office,21/08/2000,94.5
DP-13390,Dennis Pardue,364,Home Office,22/08/2000,36.4
DR-12880,Dan Reichenbach,478,Corporate,23/08/2000,47.8
DR-12940,Daniel Raglin,40,Home Office,24/08/2000,4
DS-13030,Darrin Sayre,450,Home Office,25/08/2000,45
DS-13180,David Smith,444,Corporate,26/08/2000,44.4
DV-13045,Darrin Van Huff,247,Corporate,27/08/2000,24.7
DV-13465,Dianna Vittorini,554,Consumer,28/08/2000,55.4
DW-13195,David Wiener,369,Corporate,29/08/2000,36.9
DW-13480,Dianna Wilson,318,Home Office,30/08/2000,31.8
DW-13540,Don Weiss,971,Consumer,31/08/2000,97.1
DW-13585,Dorothy Wardle,155,Corporate,01/09/2000,15.5
EA-14035,Erin Ashbrook,158,Corporate,02/09/2000,15.8
EB-13705,Ed Braxton,815,Corporate,03/09/2000,81.5
EB-13750,Edward Becker,274,Corporate,04/09/2000,27.4
EB-13840,Ellis Ballard,699,Corporate,05/09/2000,69.9
EB-13870,Emily Burns,899,Consumer,06/09/2000,89.9
EB-13930,Eric Barreto,931,Consumer,07/09/2000,93.1
EB-13975,Erica Bern,806,Corporate,08/09/2000,80.6
EB-14110,Eugene Barchas,272,Consumer,09/09/2000,27.2
EB-14170,Evan Bailliet,396,Consumer,10/09/2000,39.6
EC-14050,Erin Creighton,17,Consumer,11/09/2000,1.7
ED-13885,Emily Ducich,376,Home Office,12/09/2000,37.6
EG-13900,Emily Grady,651,Consumer,13/09/2000,65.1
EH-13765,Edward Hooks,341,Corporate,14/09/2000,34.1
EH-13945,Eric Hoffmann,766,Consumer,15/09/2000,76.6
EH-13990,Erica Hackney,636,Consumer,16/09/2000,63.6
EH-14005,Erica Hernandez,731,Home Office,17/09/2000,73.1
EH-14125,Eugene Hildebrand,298,Home Office,18/09/2000,29.8
EH-14185,Evan Henry,961,Consumer,19/09/2000,96.1
EJ-13720,Ed Jacobs,548,Consumer,20/09/2000,54.8
EJ-14155,Eva Jacobs,856,Consumer,21/09/2000,85.6
EK-13795,Eileen Kiefer,660,Home Office,22/09/2000,66
EL-13735,Ed Ludwig,687,Home Office,23/09/2000,68.7
EM-13810,Eleni McCrary,684,Corporate,24/09/2000,68.4
EM-13825,Elizabeth Moffitt,127,Corporate,25/09/2000,12.7
EM-13960,Eric Murdock,462,Consumer,26/09/2000,46.2
EM-14065,Erin Mull,645,Consumer,27/09/2000,64.5
EM-14095,Eudokia Martin,840,Corporate,28/09/2000,84
EM-14140,Eugene Moren,247,Home Office,29/09/2000,24.7
EM-14200,Evan Minnotte,585,Home Office,30/09/2000,58.5
EN-13780,Edward Nazzal,867,Consumer,01/10/2000,86.7
EP-13915,Emily Phan,105,Consumer,02/10/2000,10.5
ER-13855,Elpida Rittenbach,139,Corporate,03/10/2000,13.9
ES-14020,Erica Smith,84,Consumer,04/10/2000,8.4
ES-14080,Erin Smith,498,Corporate,05/10/2000,49.8
FA-14230,Frank Atkinson,435,Corporate,06/10/2000,43.5
FC-14245,Frank Carlisle,438,Home Office,07/10/2000,43.8
FC-14335,Fred Chung,400,Corporate,08/10/2000,40
FG-14260,Frank Gastineau,265,Home Office,09/10/2000,26.5
FH-14275,Frank Hawley,834,Corporate,10/10/2000,83.4
FH-14350,Fred Harton,215,Consumer,11/10/2000,21.5
FH-14365,Fred Hopkins,604,Corporate,12/10/2000,60.4
FM-14215,Filia McAdams,999,Corporate,13/10/2000,99.9
FM-14290,Frank Merwin,992,Home Office,14/10/2000,99.2
FM-14380,Fred McMath,957,Consumer,15/10/2000,95.7
FO-14305,Frank Olsen,567,Consumer,16/10/2000,56.7
FP-14320,Frank Preis,377,Consumer,17/10/2000,37.7
FW-14395,Fred Wasserman,709,Corporate,18/10/2000,70.9
GA-14515,George Ashbrook,387,Consumer,19/10/2000,38.7
GA-14725,Guy Armstrong,50,Consumer,20/10/2000,5
GB-14530,George Bell,279,Corporate,21/10/2000,27.9
GB-14575,Giulietta Baptist,586,Consumer,22/10/2000,58.6
GD-14590,Giulietta Dortch,659,Corporate,23/10/2000,65.9
GG-14650,Greg Guthrie,68,Corporate,24/10/2000,6.8
GH-14410,Gary Hansen,913,Home Office,25/10/2000,91.3
GH-14425,Gary Hwang,758,Consumer,26/10/2000,75.8
GH-14485,Gene Hale,993,Corporate,27/10/2000,99.3
GH-14665,Greg Hansen,174,Consumer,28/10/2000,17.4
GK-14620,Grace Kelly,727,Corporate,29/10/2000,72.7
GM-14440,Gary McGarr,21,Consumer,30/10/2000,2.1
GM-14455,Gary Mitchum,774,Home Office,31/10/2000,77.4
GM-14500,Gene McClure,705,Consumer,01/11/2000,70.5
GM-14680,Greg Matthias,371,Consumer,02/11/2000,37.1
GM-14695,Greg Maxwell,908,Corporate,03/11/2000,90.8
GP-14740,Guy Phonely,745,Corporate,04/11/2000,74.5
GR-14560,Georgia Rosenberg,322,Corporate,05/11/2000,32.2
GT-14635,Grant Thornton,442,Corporate,06/11/2000,44.2
GT-14710,Greg Tran,623,Consumer,07/11/2000,62.3
GT-14755,Guy Thornton,367,Consumer,08/11/2000,36.7
GW-14605,Giulietta Weimer,926,Consumer,09/11/2000,92.6
GZ-14470,Gary Zandusky,531,Consumer,10/11/2000,53.1
GZ-14545,George Zrebassa,231,Corporate,11/11/2000,23.1
HA-14905,Helen Abelman,737,Consumer,12/11/2000,73.7
HA-14920,Helen Andreada,714,Consumer,13/11/2000,71.4
HD-14785,Harold Dahlen,203,Home Office,14/11/2000,20.3
HE-14800,Harold Engle,351,Corporate,15/11/2000,35.1
HF-14995,Herbert Flentye,850,Consumer,16/11/2000,85
HG-14845,Harry Greene,223,Consumer,17/11/2000,22.3
HG-14965,Henry Goldwyn,63,Corporate,18/11/2000,6.3
HG-15025,Hunter Glantz,637,Consumer,19/11/2000,63.7
HH-15010,Hilary Holden,381,Corporate,20/11/2000,38.1
HJ-14875,Heather Jas,529,Home Office,21/11/2000,52.9
HK-14890,Heather Kirkland,648,Corporate,22/11/2000,64.8
HL-15040,Hunter Lopez,260,Consumer,23/11/2000,26
HM-14860,Harry Marie,814,Corporate,24/11/2000,81.4
HM-14980,Henry MacAllister,689,Consumer,25/11/2000,68.9
HP-14815,Harold Pawlan,188,Home Office,26/11/2000,18.8
HR-14770,Hallie Redmond,512,Home Office,27/11/2000,51.2
HR-14830,Harold Ryan,167,Corporate,28/11/2000,16.7
HW-14935,Helen Wasserman,310,Corporate,29/11/2000,31
HZ-14950,Henia Zydlo,408,Consumer,30/11/2000,40.8
IG-15085,Ivan Gibson,213,Consumer,01/12/2000,21.3
IL-15100,Ivan Liston,995,Consumer,02/12/2000,99.5
IM-15055,Ionia McGrath,181,Consumer,03/12/2000,18.1
IM-15070,Irene Maddox,57,Consumer,04/12/2000,5.7
JA-15970,Joseph Airdo,733,Consumer,05/12/2000,73.3
JB-15400,Jennifer Braxton,66,Corporate,06/12/2000,6.6
JB-15925,Joni Blumstein,189,Consumer,07/12/2000,18.9
JB-16000,Joy Bell-,258,Consumer,08/12/2000,25.8
JB-16045,Julia Barnett,209,Home Office,09/12/2000,20.9
JC-15340,Jasper Cacioppo,182,Consumer,10/12/2000,18.2
JC-15385,Jenna Caffey,611,Consumer,11/12/2000,61.1
JC-15775,John Castell,644,Consumer,12/12/2000,64.4
JC-16105,Julie Creighton,203,Corporate,13/12/2000,20.3
JD-15790,John Dryer,586,Consumer,14/12/2000,58.6
JD-15895,Jonathan Doherty,78,Corporate,15/12/2000,7.8
JD-16015,Joy Daniels,659,Consumer,16/12/2000,65.9
JD-16060,Julia Dunbar,519,Consumer,17/12/2000,51.9
JD-16150,Justin Deggeller,90,Corporate,18/12/2000,9
JE-15475,Jeremy Ellison,197,Consumer,19/12/2000,19.7
JE-15610,Jim Epp,314,Corporate,20/12/2000,31.4
JE-15715,Joe Elijah,320,Consumer,21/12/2000,32
JE-15745,Joel Eaton,20,Consumer,22/12/2000,2
JE-16165,Justin Ellison,348,Corporate,23/12/2000,34.8
JF-15190,Jamie Frazer,504,Consumer,24/12/2000,50.4
JF-15295,Jason Fortune-,804,Consumer,25/12/2000,80.4
JF-15355,Jay Fein,752,Consumer,26/12/2000,75.2
JF-15415,Jennifer Ferguson,239,Consumer,27/12/2000,23.9
JF-15490,Jeremy Farry,393,Consumer,28/12/2000,39.3
JF-15565,Jill Fjeld,621,Consumer,29/12/2000,62.1
JG-15115,Jack Garza,658,Consumer,30/12/2000,65.8
JG-15160,James Galang,805,Consumer,31/12/2000,80.5
JG-15310,Jason Gross,580,Corporate,01/01/2001,58
JG-15805,John Grady,540,Corporate,02/01/2001,54
JH-15430,Jennifer Halladay,673,Consumer,03/01/2001,67.3
JH-15820,John Huston,270,Consumer,04/01/2001,27
JH-15910,Jonathan Howell,105,Consumer,05/01/2001,10.5
JH-15985,Joseph Holt,141,Consumer,06/01/2001,14.1
JH-16180,Justin Hirsh,13,Consumer,07/01/2001,1.3
JJ-15445,Jennifer Jackson,356,Consumer,08/01/2001,35.6
JJ-15760,Joel Jenkins,28,Home Office,09/01/2001,2.8
JK-15205,Jamie Kunitz,764,Consumer,10/01/2001,76.4
JK-15325,Jason Klamczynski,430,Corporate,11/01/2001,43
JK-15370,Jay Kimmel,380,Consumer,12/01/2001,38
JK-15625,Jim Karlsson,319,Consumer,13/01/2001,31.9
JK-15640,Jim Kriz,750,Home Office,14/01/2001,75
JK-15730,Joe Kamberova,621,Consumer,15/01/2001,62.1
JK-16090,Juliana Krohn,441,Consumer,16/01/2001,44.1
JK-16120,Julie Kriz,59,Home Office,17/01/2001,5.9
JL-15130,Jack Lebron,972,Consumer,18/01/2001,97.2
JL-15175,James Lanier,336,Home Office,19/01/2001,33.6
JL-15235,Janet Lee,824,Consumer,20/01/2001,82.4
JL-15505,Jeremy Lonsdale,193,Consumer,21/01/2001,19.3
JL-15835,John Lee,796,Consumer,22/01/2001,79.6
JL-15850,John Lucas,923,Consumer,23/01/2001,92.3
JM-15250,Janet Martin,918,Consumer,24/01/2001,91.8
JM-15265,Janet Molinari,129,Corporate,25/01/2001,12.9
JM-15535,Jessica Myrick,117,Consumer,26/01/2001,11.7
JM-15580,Jill Matthias,466,Consumer,27/01/2001,46.6
JM-15655,Jim Mitchum,755,Corporate,28/01/2001,75.5
JM-15865,John Murray,525,Consumer,29/01/2001,52.5
JM-16195,Justin MacKendrick,916,Consumer,30/01/2001,91.6
JO-15145,Jack O'Briant,937,Corporate,31/01/2001,93.7
JO-15280,Jas O'Carroll,554,Consumer,01/02/2001,55.4
JO-15550,Jesus Ocampo,926,Home Office,02/02/2001,92.6
JP-15460,Jennifer Patt,856,Corporate,03/02/2001,85.6
JP-15520,Jeremy Pistek,21,Consumer,04/02/2001,2.1
JP-16135,Julie Prescott,875,Home Office,05/02/2001,87.5
JR-15670,Jim Radford,728,Consumer,06/02/2001,72.8
JR-15700,Jocasta Rupert,249,Consumer,07/02/2001,24.9
JR-16210,Justin Ritter,519,Corporate,08/02/2001,51.9
JS-15595,Jill Stevenson,269,Corporate,09/02/2001,26.9
JS-15685,Jim Sink,665,Corporate,10/02/2001,66.5
JS-15880,John Stevenson,891,Consumer,11/02/2001,89.1
JS-15940,Joni Sundaresam,387,Home Office,12/02/2001,38.7
JS-16030,Joy Smith,635,Consumer,13/02/2001,63.5
JW-15220,Jane Waco,0,Corporate,14/02/2001,0
JW-15955,Joni Wasserman,305,Consumer,15/02/2001,30.5
JW-16075,Julia West,195,Consumer,16/02/2001,19.5
KA-16525,Kelly Andreada,655,Consumer,17/02/2001,65.5
KB-16240,Karen Bern,246,Corporate,18/02/2001,24.6
KB-16315,Karl Braun,332,Consumer,19/02/2001,33.2
KB-16405,Katrina Bavinger,531,Home Office,20/02/2001,53.1
KB-16585,Ken Black,156,Corporate,21/02/2001,15.6
KB-16600,Ken Brennan,992,Corporate,22/02/2001,99.2
KC-16255,Karen Carlisle,812,Corporate,23/02/2001,81.2
KC-16540,Kelly Collister,518,Consumer,24/02/2001,51.8
KC-16675,Kimberly Carter,470,Corporate,25/02/2001,47
KD-16270,Karen Daniels,266,Consumer,26/02/2001,26.6
KD-16345,Katherine Ducich,718,Consumer,27/02/2001,71.8
KD-16495,Keith Dawkins,555,Corporate,28/02/2001,55.5
KD-16615,Ken Dana,350,Corporate,01/03/2001,35
KE-16420,Katrina Edelman,997,Corporate,02/03/2001,99.7
KF-16285,Karen Ferguson,491,Home Office,03/03/2001,49.1
KH-16330,Katharine Harms,747,Corporate,04/03/2001,74.7
KH-16360,Katherine Hughes,323,Consumer,05/03/2001,32.3
KH-16510,Keith Herrera,974,Consumer,06/03/2001,97.4
KH-16630,Ken Heidel,280,Corporate,07/03/2001,28
KH-16690,Kristen Hastings,747,Corporate,08/03/2001,74.7
KL-16555,Kelly Lampkin,540,Corporate,09/03/2001,54
KL-16645,Ken Lonsdale,450,Consumer,10/03/2001,45
KM-16225,Kalyca Meade,149,Corporate,11/03/2001,14.9
KM-16375,Katherine Murray,963,Home Office,12/03/2001,96.3
KM-16660,Khloe Miller,174,Consumer,13/03/2001,17.4
KM-16720,Kunst Miller,577,Consumer,14/03/2001,57.7
KN-16390,Katherine Nockton,277,Corporate,15/03/2001,27.7
KN-16450,Kean Nguyen,24,Corporate,16/03/2001,2.4
KN-16705,Kristina Nunn,23,Home Office,17/03/2001,2.3
KS-16300,Karen Seio,173,Corporate,18/03/2001,17.3
KT-16465,Kean Takahito,166,Consumer,19/03/2001,16.6
KT-16480,Kean Thornton,878,Consumer,20/03/2001,87.8
KW-16435,Katrina Willman,226,Consumer,21/03/2001,22.6
KW-16570,Kelly Williams,847,Consumer,22/03/2001,84.7
LA-16780,Laura Armstrong,757,Corporate,23/03/2001,75.7
LB-16735,Larry Blacks,212,Consumer,24/03/2001,21.2
LB-16795,Laurel Beltran,862,Home Office,25/03/2001,86.2
LC-16870,Lena Cacioppo,195,Consumer,26/03/2001,19.5
LC-16885,Lena Creighton,68,Consumer,27/03/2001,6.8
LC-16930,Linda Cazamias,442,Corporate,28/03/2001,44.2
LC-16960,Lindsay Castell,769,Home Office,29/03/2001,76.9
LC-17050,Liz Carlisle,36,Consumer,30/03/2001,3.6
LC-17140,Logan Currie,917,Consumer,31/03/2001,91.7
LD-16855,Lela Donovan,759,Corporate,01/04/2001,75.9
LD-17005,Lisa DeCherney,195,Consumer,02/04/2001,19.5
LE-16810,Laurel Elliston,219,Consumer,03/04/2001,21.9
LF-17185,Luke Foster,977,Consumer,04/04/2001,97.7
LH-16750,Larry Hughes,605,Consumer,05/04/2001,60.5
LH-16900,Lena Hernandez,761,Consumer,06/04/2001,76.1
LH-17020,Lisa Hazard,52,Consumer,07/04/2001,5.2
LH-17155,Logan Haushalter,233,Consumer,08/04/2001,23.3
LL-16840,Lauren Leatherbury,707,Consumer,09/04/2001,70.7
LM-17065,Liz MacKendrick,949,Consumer,10/04/2001,94.9
LO-17170,Lori Olson,965,Corporate,11/04/2001,96.5
LP-17080,Liz Pelletier,494,Consumer,12/04/2001,49.4
LP-17095,Liz Preis,422,Consumer,13/04/2001,42.2
LR-16915,Lena Radford,429,Consumer,14/04/2001,42.9
LR-17035,Lisa Ryan,349,Corporate,15/04/2001,34.9
LS-16945,Linda Southworth,678,Corporate,16/04/2001,67.8
LS-16975,Lindsay Shagiari,625,Home Office,17/04/2001,62.5
LS-17200,Luke Schmidt,52,Corporate,18/04/2001,5.2
LS-17230,Lycoris Saunders,556,Consumer,19/04/2001,55.6
LS-17245,Lynn Smith,53,Consumer,20/04/2001,5.3
LT-16765,Larry Tron,811,Consumer,21/04/2001,81.1
LT-17110,Liz Thompson,222,Consumer,22/04/2001,22.2
LW-16825,Laurel Workman,56,Corporate,23/04/2001,5.6
LW-16990,Lindsay Williams,647,Corporate,24/04/2001,64.7
LW-17125,Liz Willingham,17,Consumer,25/04/2001,1.7
LW-17215,Luke Weiss,10,Consumer,26/04/2001,1
MA-17560,Matt Abelman,623,Home Office,27/04/2001,62.3
MA-17995,Michelle Arnett,153,Home Office,28/04/2001,15.3
MB-17305,Maria Bertelson,8,Consumer,29/04/2001,0.8
MB-18085,Mick Brown,582,Consumer,30/04/2001,58.2
MC-17275,Marc Crier,395,Consumer,01/05/2001,39.5
MC-17425,Mark Cousins,148,Corporate,02/05/2001,14.8
MC-17575,Matt Collins,75,Consumer,03/05/2001,7.5
MC-17590,Matt Collister,625,Corporate,04/05/2001,62.5
MC-17605,Matt Connell,401,Corporate,05/05/2001,40.1
MC-17635,Matthew Clasen,547,Corporate,06/05/2001,54.7
MC-17845,Michael Chen,220,Consumer,07/05/2001,22
MC-18100,Mick Crebagga,122,Consumer,08/05/2001,12.2
MC-18130,Mike Caudle,426,Corporate,09/05/2001,42.6
MD-17350,Maribeth Dona,102,Consumer,10/05/2001,10.2
MD-17860,Michael Dominguez,446,Corporate,11/05/2001,44.6
ME-17320,Maria Etezadi,677,Home Office,12/05/2001,67.7
ME-17725,Max Engle,279,Consumer,13/05/2001,27.9
ME-18010,Michelle Ellison,220,Corporate,14/05/2001,22
MF-17665,Maureen Fritzler,39,Corporate,15/05/2001,3.9
MF-18250,Monica Federle,733,Corporate,16/05/2001,73.3
MG-17650,Matthew Grinstein,755,Home Office,17/05/2001,75.5
MG-17680,Maureen Gastineau,753,Home Office,18/05/2001,75.3
MG-17695,Maureen Gnade,163,Consumer,19/05/2001,16.3
MG-17875,Michael Grace,228,Home Office,20/05/2001,22.8
MG-17890,Michael Granlund,193,Home Office,21/05/2001,19.3
MG-18145,Mike Gockenbach,11,Consumer,22/05/2001,1.1
MG-18205,Mitch Gastineau,179,Corporate,23/05/2001,17.9
MH-17290,Marc Harrigan,798,Home Office,24/05/2001,79.8
MH-17440,Mark Haberlin,814,Corporate,25/05/2001,81.4
MH-17455,Mark Hamilton,939,Consumer,26/05/2001,93.9
MH-17620,Matt Hagelstein,106,Corporate,27/05/2001,10.6
MH-17785,Maya Herman,369,Corporate,28/05/2001,36.9
MH-18025,Michelle Huthwaite,369,Consumer,29/05/2001,36.9
MH-18115,Mick Hernandez,633,Home Office,30/05/2001,63.3
MJ-17740,Max Jones,618,Consumer,31/05/2001,61.8
MK-17905,Michael Kennedy,906,Corporate,01/06/2001,90.6
MK-18160,Mike Kennedy,604,Consumer,02/06/2001,60.4
ML-17395,Marina Lichtenstein,973,Corporate,03/06/2001,97.3
ML-17410,Maris LaWare,144,Consumer,04/06/2001,14.4
ML-17755,Max Ludwig,425,Home Office,05/06/2001,42.5
ML-18040,Michelle Lonsdale,560,Corporate,06/06/2001,56
ML-18265,Muhammed Lee,589,Consumer,07/06/2001,58.9
MM-17260,Magdelene Morse,934,Consumer,08/06/2001,93.4
MM-17920,Michael Moore,198,Consumer,09/06/2001,19.8
MM-18055,Michelle Moray,65,Consumer,10/06/2001,6.5
MM-18280,Muhammed MacIntyre,832,Corporate,11/06/2001,83.2
MN-17935,Michael Nguyen,635,Consumer,12/06/2001,63.5
MO-17500,Mary O'Rourke,376,Consumer,13/06/2001,37.6
MO-17800,Meg O'Connel,300,Home Office,14/06/2001,30
MO-17950,Michael Oakman,503,Consumer,15/06/2001,50.3
MP-17470,Mark Packer,330,Home Office,16/06/2001,33
MP-17965,Michael Paige,679,Corporate,17/06/2001,67.9
MP-18175,Mike Pelletier,363,Home Office,18/06/2001,36.3
MR-17545,Mathew Reese,739,Home Office,19/06/2001,73.9
MS-17365,Maribeth Schnelling,923,Consumer,20/06/2001,92.3
MS-17530,MaryBeth Skach,689,Consumer,21/06/2001,68.9
MS-17710,Maurice Satty,31,Consumer,22/06/2001,3.1
MS-17770,Maxwell Schwartz,841,Consumer,23/06/2001,84.1
MS-17830,Melanie Seite,229,Consumer,24/06/2001,22.9
MS-17980,Michael Stewart,893,Corporate,25/06/2001,89.3
MT-17815,Meg Tillman,416,Consumer,26/06/2001,41.6
MT-18070,Michelle Tran,672,Home Office,27/06/2001,67.2
MV-17485,Mark Van Huff,448,Consumer,28/06/2001,44.8
MV-18190,Mike Vittorini,893,Consumer,29/06/2001,89.3
MW-18220,Mitch Webber,296,Consumer,30/06/2001,29.6
MW-18235,Mitch Willingham,155,Corporate,01/07/2001,15.5
MY-17380,Maribeth Yedwab,429,Corporate,02/07/2001,42.9
MY-18295,Muhammed Yedwab,619,Corporate,03/07/2001,61.9
MZ-17335,Maria Zettner,477,Home Office,04/07/2001,47.7
MZ-17515,Mary Zewe,577,Corporate,05/07/2001,57.7
NB-18580,Nicole Brennan,23,Corporate,06/07/2001,2.3
NB-18655,Nona Balk,274,Corporate,07/07/2001,27.4
NC-18340,Nat Carroll,934,Consumer,08/07/2001,93.4
NC-18415,Nathan Cano,170,Consumer,09/07/2001,17
NC-18535,Nick Crebassa,297,Corporate,10/07/2001,29.7
NC-18625,Noah Childs,895,Corporate,11/07/2001,89.5
ND-18370,Natalie DeCherney,75,Consumer,12/07/2001,7.5
ND-18460,Neil Ducich,391,Corporate,13/07/2001,39.1
NF-18385,Natalie Fritzler,52,Consumer,14/07/2001,5.2
NF-18475,Neil Französisch,723,Home Office,15/07/2001,72.3
NF-18595,Nicole Fjeld,326,Home Office,16/07/2001,32.6
NG-18355,Nat Gilpin,471,Corporate,17/07/2001,47.1
NG-18430,Nathan Gelder,537,Consumer,18/07/2001,53.7
NH-18610,Nicole Hansen,147,Corporate,19/07/2001,14.7
NK-18490,Neil Knudson,849,Home Office,20/07/2001,84.9
NL-18310,Nancy Lomonaco,423,Home Office,21/07/2001,42.3
NM-18445,Nathan Mautz,326,Home Office,22/07/2001,32.6
NM-18520,Neoma Murray,753,Consumer,23/07/2001,75.3
NP-18325,Naresj Patel,772,Consumer,24/07/2001,77.2
NP-18670,Nora Paige,194,Consumer,25/07/2001,19.4
NP-18685,Nora Pelletier,484,Home Office,26/07/2001,48.4
NP-18700,Nora Preis,610,Consumer,27/07/2001,61
NR-18550,Nick Radford,42,Consumer,28/07/2001,4.2
NS-18505,Neola Schneider,622,Consumer,29/07/2001,62.2
NS-18640,Noel Staavos,882,Corporate,30/07/2001,88.2
NW-18400,Natalie Webber,565,Consumer,31/07/2001,56.5
NZ-18565,Nick Zandusky,837,Home Office,01/08/2001,83.7
ON-18715,Odella Nelson,991,Corporate,02/08/2001,99.1
OT-18730,Olvera Toch,47,Consumer,03/08/2001,4.7
PA-19060,Pete Armstrong,401,Home Office,04/08/2001,40.1
PB-18805,Patrick Bzostek,644,Home Office,05/08/2001,64.4
PB-19105,Peter Bühler,875,Consumer,06/08/2001,87.5
PB-19150,Philip Brown,394,Consumer,07/08/2001,39.4
PB-19210,Phillip Breyer,169,Corporate,08/08/2001,16.9
PC-18745,Pamela Coakley,34,Corporate,09/08/2001,3.4
PC-19000,Pauline Chand,929,Home Office,10/08/2001,92.9
PF-19120,Peter Fuller,887,Consumer,11/08/2001,88.7
PF-19165,Philip Fox,706,Consumer,12/08/2001,70.6
PF-19225,Phillip Flathmann,811,Consumer,13/08/2001,81.1
PG-18820,Patrick Gardner,385,Consumer,14/08/2001,38.5
PG-18895,Paul Gonzalez,855,Consumer,15/08/2001,85.5
PH-18790,Patricia Hirasaki,162,Home Office,16/08/2001,16.2
PJ-18835,Patrick Jones,550,Corporate,17/08/2001,55
PJ-19015,Pauline Johnson,191,Consumer,18/08/2001,19.1
PK-18910,Paul Knutson,279,Home Office,19/08/2001,27.9
PK-19075,Pete Kriz,728,Consumer,20/08/2001,72.8
PL-18925,Paul Lucas,235,Home Office,21/08/2001,23.5
PM-18940,Paul MacIntyre,288,Consumer,22/08/2001,28.8
PM-19135,Peter McVee,938,Home Office,23/08/2001,93.8
PN-18775,Parhena Norris,304,Home Office,24/08/2001,30.4
PO-18850,Patrick O'Brill,494,Consumer,25/08/2001,49.4
PO-18865,Patrick O'Donnell,385,Consumer,26/08/2001,38.5
PO-19180,Philisse Overcash,947,Home Office,27/08/2001,94.7
PO-19195,Phillina Ober,561,Home Office,28/08/2001,56.1
PP-18955,Paul Prost,678,Home Office,29/08/2001,67.8
PR-18880,Patrick Ryan,836,Consumer,30/08/2001,83.6
PS-18760,Pamela Stobb,250,Consumer,31/08/2001,25
PS-18970,Paul Stevenson,981,Home Office,01/09/2001,98.1
PS-19045,Penelope Sewall,105,Home Office,02/09/2001,10.5
PT-19090,Pete Takahito,860,Consumer,03/09/2001,86
PV-18985,Paul Van Hugh,877,Home Office,04/09/2001,87.7
PW-19030,Pauline Webber,108,Corporate,05/09/2001,10.8
PW-19240,Pierre Wener,524,Consumer,06/09/2001,52.4
QJ-19255,Quincy Jones,762,Corporate,07/09/2001,76.2
RA-19285,Ralph Arnett,718,Consumer,08/09/2001,71.8
RA-19885,Ruben Ausman,121,Corporate,09/09/2001,12.1
RA-19915,Russell Applegate,539,Consumer,10/09/2001,53.9
RA-19945,Ryan Akin,510,Consumer,11/09/2001,51
RB-19330,Randy Bradley,624,Consumer,12/09/2001,62.4
RB-19360,Raymond Buch,598,Consumer,13/09/2001,59.8
RB-19435,Richard Bierner,154,Consumer,14/09/2001,15.4
RB-19465,Rick Bensley,598,Home Office,15/09/2001,59.8
RB-19570,Rob Beeghly,630,Consumer,16/09/2001,63
RB-19645,Robert Barroso,66,Corporate,17/09/2001,6.6
RB-19705,Roger Barcio,343,Home Office,18/09/2001,34.3
RB-19795,Ross Baird,991,Home Office,19/09/2001,99.1
RC-19825,Roy Collins,613,Consumer,20/09/2001,61.3
RC-19960,Ryan Crowe,74,Consumer,21/09/2001,7.4
RD-19480,Rick Duston,98,Consumer,22/09/2001,9.8
RD-19585,Rob Dowd,65,Consumer,23/09/2001,6.5
RD-19660,Robert Dilbeck,740,Home Office,24/09/2001,74
RD-19720,Roger Demir,930,Consumer,25/09/2001,93
RD-19810,Ross DeVincentis,368,Home Office,26/09/2001,36.8
RD-19900,Ruben Dartt,799,Consumer,27/09/2001,79.9
RD-19930,Russell D'Ascenzo,171,Consumer,28/09/2001,17.1
RE-19405,Ricardo Emerson,246,Consumer,29/09/2001,24.6
RE-19450,Richard Eichhorn,600,Consumer,30/09/2001,60
RF-19345,Randy Ferguson,851,Corporate,01/10/2001,85.1
RF-19735,Roland Fjeld,339,Consumer,02/10/2001,33.9
RF-19840,Roy Französisch,530,Consumer,03/10/2001,53
RH-19495,Rick Hansen,338,Consumer,04/10/2001,33.8
RH-19510,Rick Huthwaite,174,Home Office,05/10/2001,17.4
RH-19555,Ritsa Hightower,503,Consumer,06/10/2001,50.3
RH-19600,Rob Haberlin,746,Consumer,07/10/2001,74.6
RK-19300,Ralph Kennedy,890,Consumer,08/10/2001,89
RL-19615,Rob Lucas,9,Consumer,09/10/2001,0.9
RM-19375,Raymond Messe,294,Consumer,10/10/2001,29.4
RM-19675,Robert Marley,751,Home Office,11/10/2001,75.1
RM-19750,Roland Murray,362,Consumer,12/10/2001,36.2
RO-19780,Rose O'Brian,951,Consumer,13/10/2001,95.1
RP-19270,Rachel Payne,656,Corporate,14/10/2001,65.6
RP-19390,Resi Pölking,265,Consumer,15/10/2001,26.5
RP-19855,Roy Phan,249,Corporate,16/10/2001,24.9
RR-19315,Ralph Ritter,677,Consumer,17/10/2001,67.7
RR-19525,Rick Reed,682,Corporate,18/10/2001,68.2
RS-19420,Ricardo Sperren,0,Corporate,19/10/2001,0
RS-19765,Roland Schwarz,493,Corporate,20/10/2001,49.3
RS-19870,Roy Skaria,958,Home Office,21/10/2001,95.8
RW-19540,Rick Wilson,457,Corporate,22/10/2001,45.7
RW-19630,Rob Williams,301,Corporate,23/10/2001,30.1
RW-19690,Robert Waldorf,165,Consumer,24/10/2001,16.5
SA-20830,Sue Ann Reed,2,Consumer,25/10/2001,0.2
SB-20170,Sarah Bern,781,Consumer,26/10/2001,78.1
SB-20185,Sarah Brown,956,Consumer,27/10/2001,95.6
SB-20290,Sean Braxton,460,Corporate,28/10/2001,46
SC-20020,Sam Craven,367,Consumer,29/10/2001,36.7
SC-20050,Sample Company A,124,Home Office,30/10/2001,12.4
SC-20095,Sanjit Chand,835,Consumer,31/10/2001,83.5
SC-20230,Scot Coram,190,Corporate,01/11/2001,19
SC-20260,Scott Cohen,38,Corporate,02/11/2001,3.8
SC-20305,Sean Christensen,327,Consumer,03/11/2001,32.7
SC-20380,Shahid Collister,158,Consumer,04/11/2001,15.8
SC-20440,Shaun Chance,618,Corporate,05/11/2001,61.8
SC-20575,Sonia Cooley,185,Consumer,06/11/2001,18.5
SC-20680,Steve Carroll,542,Home Office,07/11/2001,54.2
SC-20695,Steve Chapman,489,Corporate,08/11/2001,48.9
SC-20725,Steven Cartwright,252,Consumer,09/11/2001,25.2
SC-20770,Stewart Carmichael,910,Corporate,10/11/2001,91
SC-20800,Stuart Calhoun,280,Consumer,11/11/2001,28
SC-20845,Sung Chung,313,Consumer,12/11/2001,31.3
SD-20485,Shirley Daniels,647,Home Office,13/11/2001,64.7
SE-20110,Sanjit Engle,871,Consumer,14/11/2001,87.1
SF-20065,Sandra Flanagan,723,Consumer,15/11/2001,72.3
SF-20200,Sarah Foster,971,Consumer,16/11/2001,97.1
SF-20965,Sylvia Foulston,884,Corporate,17/11/2001,88.4
SG-20080,Sandra Glassco,782,Consumer,18/11/2001,78.2
SG-20470,Sheri Gordon,674,Consumer,19/11/2001,67.4
SG-20605,Speros Goranitis,25,Consumer,20/11/2001,2.5
SG-20890,Susan Gilcrest,696,Corporate,21/11/2001,69.6
SH-19975,Sally Hughsby,275,Corporate,22/11/2001,27.5
SH-20395,Shahid Hopkins,519,Consumer,23/11/2001,51.9
SH-20635,Stefanie Holloman,731,Corporate,24/11/2001,73.1
SJ-20125,Sanjit Jacobs,255,Home Office,25/11/2001,25.5
SJ-20215,Sarah Jordon,76,Consumer,26/11/2001,7.6
SJ-20500,Shirley Jackson,713,Consumer,27/11/2001,71.3
SK-19990,Sally Knutson,191,Consumer,28/11/2001,19.1
SL-20155,Sara Luxemburg,174,Home Office,29/11/2001,17.4
SM-20005,Sally Matthias,482,Consumer,30/11/2001,48.2
SM-20320,Sean Miller,147,Home Office,01/12/2001,14.7
SM-20905,Susan MacKendrick,853,Consumer,02/12/2001,85.3
SM-20950,Suzanne McNair,349,Corporate,03/12/2001,34.9
SN-20560,Skye Norling,267,Home Office,04/12/2001,26.7
SN-20710,Steve Nguyen,825,Home Office,05/12/2001,82.5
SO-20335,Sean O'Donnell,855,Consumer,06/12/2001,85.5
SP-20545,Sibella Parks,811,Corporate,07/12/2001,81.1
SP-20620,Stefania Perrino,54,Corporate,08/12/2001,5.4
SP-20650,Stephanie Phelps,549,Corporate,09/12/2001,54.9
SP-20860,Sung Pak,909,Corporate,10/12/2001,90.9
SP-20920,Susan Pistek,361,Consumer,11/12/2001,36.1
SR-20425,Sharelle Roach,442,Home Office,12/12/2001,44.2
SR-20740,Steven Roelle,498,Home Office,13/12/2001,49.8
SS-20140,Saphhira Shifley,809,Corporate,14/12/2001,80.9
SS-20410,Shahid Shariari,494,Consumer,15/12/2001,49.4
SS-20515,Shirley Schmidt,633,Home Office,16/12/2001,63.3
SS-20590,Sonia Sunley,107,Consumer,17/12/2001,10.7
SS-20875,Sung Shariari,957,Consumer,18/12/2001,95.7
ST-20530,Shui Tom,310,Consumer,19/12/2001,31
SU-20665,Stephanie Ulpright,98,Home Office,20/12/2001,9.8
SV-20365,Seth Vernon,737,Consumer,21/12/2001,73.7
SV-20785,Stewart Visinsky,817,Consumer,22/12/2001,81.7
SV-20815,Stuart Van,731,Corporate,23/12/2001,73.1
SV-20935,Susan Vittorini,305,Consumer,24/12/2001,30.5
SW-20245,Scot Wooten,700,Consumer,25/12/2001,70
SW-20275,Scott Williamson,631,Consumer,26/12/2001,63.1
SW-20350,Sean Wendt,585,Home Office,27/12/2001,58.5
SW-20455,Shaun Weien,702,Consumer,28/12/2001,70.2
SW-20755,Steven Ward,763,Corporate,29/12/2001,76.3
SZ-20035,Sam Zeldin,517,Home Office,30/12/2001,51.7
TA-21385,Tom Ashbrook,334,Home Office,31/12/2001,33.4
TB-21055,Ted Butterfield,664,Consumer,01/01/2002,66.4
TB-21175,Thomas Boland,632,Corporate,02/01/2002,63.2
TB-21190,Thomas Brumley,69,Home Office,03/01/2002,6.9
TB-21250,Tim Brockman,508,Consumer,04/01/2002,50.8
TB-21280,Toby Braunhardt,5,Consumer,05/01/2002,0.5
TB-21355,Todd Boyes,243,Corporate,06/01/2002,24.3
TB-21400,Tom Boeckenhauer,843,Consumer,07/01/2002,84.3
TB-21520,Tracy Blumstein,340,Consumer,08/01/2002,34
TB-21595,Troy Blackwell,741,Consumer,09/01/2002,74.1
TB-21625,Trudy Brown,403,Consumer,10/01/2002,40.3
TC-20980,Tamara Chand,651,Corporate,11/01/2002,65.1
TC-21145,Theresa Coyne,686,Corporate,12/01/2002,68.6
TC-21295,Toby Carlisle,566,Consumer,13/01/2002,56.6
TC-21475,Tony Chapman,199,Home Office,14/01/2002,19.9
TC-21535,Tracy Collins,484,Home Office,15/01/2002,48.4
TD-20995,Tamara Dahlen,903,Consumer,16/01/2002,90.3
TG-21310,Toby Gnade,490,Consumer,17/01/2002,49
TG-21640,Trudy Glocke,302,Consumer,18/01/2002,30.2
TH-21100,Thea Hendricks,590,Consumer,19/01/2002,59
TH-21115,Thea Hudgings,701,Corporate,20/01/2002,70.1
TH-21235,Tiffany House,574,Corporate,21/01/2002,57.4
TH-21550,Tracy Hopkins,432,Home Office,22/01/2002,43.2
TM-21010,Tamara Manning,795,Consumer,23/01/2002,79.5
TM-21490,Tony Molinari,507,Consumer,24/01/2002,50.7
TN-21040,Tanja Norvell,287,Home Office,25/01/2002,28.7
TP-21130,Theone Pippenger,78,Consumer,26/01/2002,7.8
TP-21415,Tom Prescott,594,Consumer,27/01/2002,59.4
TP-21565,Tracy Poddar,639,Corporate,28/01/2002,63.9
TR-21325,Toby Ritter,822,Consumer,29/01/2002,82.2
TS-21085,Thais Sissman,110,Consumer,30/01/2002,11
TS-21160,Theresa Swint,751,Corporate,31/01/2002,75.1
TS-21205,Thomas Seio,403,Corporate,01/02/2002,40.3
TS-21340,Toby Swindell,176,Consumer,02/02/2002,17.6
TS-21370,Todd Sumrall,447,Corporate,03/02/2002,44.7
TS-21430,Tom Stivers,739,Corporate,04/02/2002,73.9
TS-21505,Tony Sayre,951,Consumer,05/02/2002,95.1
TS-21610,Troy Staebel,804,Consumer,06/02/2002,80.4
TS-21655,Trudy Schmidt,316,Consumer,07/02/2002,31.6
TT-21070,Ted Trevino,705,Consumer,08/02/2002,70.5
TT-21220,Thomas Thornton,176,Consumer,09/02/2002,17.6
TT-21265,Tim Taslimi,576,Corporate,10/02/2002,57.6
TT-21460,Tonja Turnell,917,Home Office,11/02/2002,91.7
TW-21025,Tamara Willingham,430,Home Office,12/02/2002,43
TZ-21580,Tracy Zic,908,Consumer,13/02/2002,90.8
VB-21745,Victoria Brennan,348,Corporate,14/02/2002,34.8
VD-21670,Valerie Dominguez,69,Consumer,15/02/2002,6.9
VF-21715,Vicky Freymann,96,Home Office,16/02/2002,9.6
VG-21790,Vivek Gonzalez,99,Consumer,17/02/2002,9.9
VG-21805,Vivek Grady,377,Corporate,18/02/2002,37.7
VM-21685,Valerie Mitchum,14,Home Office,19/02/2002,1.4
VM-21835,Vivian Mathis,81,Consumer,20/02/2002,8.1
VP-21730,Victor Preis,938,Home Office,21/02/2002,93.8
VP-21760,Victoria Pisteka,187,Corporate,22/02/2002,18.7
VS-21820,Vivek Sundaresam,755,Consumer,23/02/2002,75.5
VT-21700,Valerie Takahito,234,Home Office,24/02/2002,23.4
VW-21775,Victoria Wilson,131,Corporate,25/02/2002,13.1
WB-21850,William Brown,452,Consumer,26/02/2002,45.2
XP-21865,Xylona Preis,454,Consumer,27/02/2002,45.4
YC-21895,Yoseph Carroll,935,Corporate,28/02/2002,93.5
YS-21880,Yana Sorensen,829,Corporate,01/03/2002,82.9
ZC-21910,Zuschuss Carroll,745,Consumer,02/03/2002,74.5
ZD-21925,Zuschuss Donatelli,85,Consumer,03/03/2002,8.5
